file_name,needle_tip_x,needle_tip_y,dial_center_x,dial_center_y
v_0001_f_0000_rgba.png,11,83,60,63
v_0002_f_0000_rgba.png,23,101,65,61
v_0003_f_0000_rgba.png,12,86,60,64
v_0004_f_0000_rgba.png,9,76,66,61
v_0005_f_0000_rgba.png,38,114,63,66
v_0006_f_0000_rgba.png,20,99,63,62
v_0007_f_0000_rgba.png,10,81,64,65
v_0008_f_0000_rgba.png,16,94,62,63
v_0009_f_0000_rgba.png,11,81,64,65
v_0010_f_0000_rgba.png,11,76,67,65
v_0011_f_0000_rgba.png,21,102,60,64
v_0012_f_0000_rgba.png,9,74,63,61
v_0013_f_0000_rgba.png,12,87,63,62
v_0014_f_0000_rgba.png,26,104,66,65
v_0015_f_0000_rgba.png,10,81,63,65
v_0016_f_0000_rgba.png,11,82,64,63
v_0017_f_0000_rgba.png,10,80,63,63
v_0018_f_0000_rgba.png,12,85,66,64
v_0019_f_0000_rgba.png,29,108,61,64
v_0020_f_0000_rgba.png,28,106,64,61
v_0021_f_0000_rgba.png,13,88,62,62
v_0022_f_0000_rgba.png,19,97,66,63
v_0023_f_0000_rgba.png,12,85,64,63
v_0024_f_0000_rgba.png,11,80,64,63
v_0025_f_0000_rgba.png,41,115,66,64
v_0026_f_0000_rgba.png,9,70,66,64
v_0027_f_0000_rgba.png,12,85,63,65
v_0028_f_0000_rgba.png,9,78,63,64
v_0029_f_0000_rgba.png,12,84,63,64
v_0030_f_0000_rgba.png,39,114,61,65
v_0031_f_0000_rgba.png,30,109,61,64
v_0032_f_0000_rgba.png,39,112,66,61
v_0033_f_0000_rgba.png,15,94,61,64
v_0034_f_0000_rgba.png,38,114,62,64
v_0035_f_0000_rgba.png,25,104,60,65
v_0036_f_0000_rgba.png,9,76,66,62
v_0037_f_0000_rgba.png,26,105,63,62
v_0038_f_0000_rgba.png,13,88,62,64
v_0039_f_0000_rgba.png,7,64,62,61
v_0040_f_0000_rgba.png,22,102,60,63
v_0041_f_0000_rgba.png,32,110,60,62
v_0042_f_0000_rgba.png,21,98,64,62
v_0043_f_0000_rgba.png,25,105,61,64
v_0044_f_0000_rgba.png,26,104,66,61
v_0045_f_0000_rgba.png,18,96,62,63
v_0046_f_0000_rgba.png,30,107,65,63
v_0047_f_0000_rgba.png,20,98,66,64
v_0048_f_0000_rgba.png,38,112,66,63
v_0049_f_0000_rgba.png,11,83,62,61
v_0050_f_0000_rgba.png,17,93,62,65
v_0051_f_0000_rgba.png,12,84,65,63
v_0052_f_0000_rgba.png,7,69,61,63
v_0053_f_0000_rgba.png,15,91,65,63
v_0054_f_0000_rgba.png,13,87,66,64
v_0055_f_0000_rgba.png,25,105,62,64
v_0056_f_0000_rgba.png,20,99,64,64
v_0057_f_0000_rgba.png,32,110,65,65
v_0058_f_0000_rgba.png,8,75,62,63
v_0059_f_0000_rgba.png,20,97,62,60
v_0060_f_0000_rgba.png,15,91,64,60
v_0061_f_0000_rgba.png,32,108,65,62
v_0062_f_0000_rgba.png,10,79,62,65
v_0063_f_0000_rgba.png,21,100,60,65
v_0064_f_0000_rgba.png,8,65,64,62
v_0065_f_0000_rgba.png,25,103,64,62
v_0066_f_0000_rgba.png,10,78,65,62
v_0067_f_0000_rgba.png,7,62,61,64
v_0068_f_0000_rgba.png,11,79,64,62
v_0069_f_0000_rgba.png,19,98,62,62
v_0070_f_0000_rgba.png,28,106,63,62
v_0071_f_0000_rgba.png,23,102,63,64
v_0072_f_0000_rgba.png,12,86,67,63
v_0073_f_0000_rgba.png,12,87,63,64
v_0074_f_0000_rgba.png,14,91,60,61
v_0075_f_0000_rgba.png,16,93,60,63
v_0076_f_0000_rgba.png,12,86,64,61
v_0077_f_0000_rgba.png,7,61,62,64
v_0078_f_0000_rgba.png,28,106,61,65
v_0079_f_0000_rgba.png,25,103,65,64
v_0080_f_0000_rgba.png,15,91,65,66
v_0081_f_0000_rgba.png,19,98,64,64
v_0082_f_0000_rgba.png,28,107,62,64
v_0083_f_0000_rgba.png,9,79,62,65
v_0084_f_0000_rgba.png,28,107,67,65
v_0085_f_0000_rgba.png,11,85,60,65
v_0086_f_0000_rgba.png,8,65,62,63
v_0087_f_0000_rgba.png,17,93,66,63
v_0088_f_0000_rgba.png,26,105,62,64
v_0089_f_0000_rgba.png,7,58,62,61
v_0090_f_0000_rgba.png,24,102,66,61
v_0091_f_0000_rgba.png,7,64,63,63
v_0092_f_0000_rgba.png,9,76,64,63
v_0093_f_0000_rgba.png,17,95,66,64
v_0094_f_0000_rgba.png,7,62,60,66
v_0095_f_0000_rgba.png,25,104,65,62
v_0096_f_0000_rgba.png,11,83,61,63
v_0097_f_0000_rgba.png,22,101,61,63
v_0098_f_0000_rgba.png,11,82,63,64
v_0099_f_0000_rgba.png,8,68,62,62
v_0100_f_0000_rgba.png,8,58,64,63
v_0101_f_0000_rgba.png,8,70,65,65
v_0102_f_0000_rgba.png,8,58,65,63
v_0103_f_0000_rgba.png,8,63,67,64
v_0104_f_0000_rgba.png,10,79,64,64
v_0105_f_0000_rgba.png,9,78,63,64
v_0106_f_0000_rgba.png,9,78,65,63
v_0107_f_0000_rgba.png,8,66,64,62
v_0108_f_0000_rgba.png,20,99,65,63
v_0109_f_0000_rgba.png,17,96,61,66
v_0110_f_0000_rgba.png,8,69,64,61
v_0111_f_0000_rgba.png,14,89,60,63
v_0112_f_0000_rgba.png,11,83,63,64
v_0113_f_0000_rgba.png,8,71,64,62
v_0114_f_0000_rgba.png,19,97,62,64
v_0115_f_0000_rgba.png,9,71,66,64
v_0116_f_0000_rgba.png,15,91,62,65
v_0117_f_0000_rgba.png,10,79,61,65
v_0118_f_0000_rgba.png,21,100,62,65
v_0119_f_0000_rgba.png,8,65,65,61
v_0120_f_0000_rgba.png,10,82,63,64
v_0121_f_0000_rgba.png,8,60,64,60
v_0122_f_0000_rgba.png,14,89,63,61
v_0123_f_0000_rgba.png,11,49,67,62
v_0124_f_0000_rgba.png,23,103,67,66
v_0125_f_0000_rgba.png,9,52,63,64
v_0126_f_0000_rgba.png,9,77,62,64
v_0127_f_0000_rgba.png,10,49,65,62
v_0128_f_0000_rgba.png,11,83,64,65
v_0129_f_0000_rgba.png,14,87,65,61
v_0130_f_0000_rgba.png,8,69,66,66
v_0131_f_0000_rgba.png,10,83,61,66
v_0132_f_0000_rgba.png,9,53,66,63
v_0133_f_0000_rgba.png,16,45,64,64
v_0134_f_0000_rgba.png,8,50,60,62
v_0135_f_0000_rgba.png,11,83,64,60
v_0136_f_0000_rgba.png,9,54,64,64
v_0137_f_0000_rgba.png,10,50,64,63
v_0138_f_0000_rgba.png,9,79,61,62
v_0139_f_0000_rgba.png,16,92,65,62
v_0140_f_0000_rgba.png,13,88,66,65
v_0141_f_0000_rgba.png,11,84,62,65
v_0142_f_0000_rgba.png,14,90,62,63
v_0143_f_0000_rgba.png,11,78,67,61
v_0144_f_0000_rgba.png,8,57,64,65
v_0145_f_0000_rgba.png,8,69,66,65
v_0146_f_0000_rgba.png,14,90,65,66
v_0147_f_0000_rgba.png,7,64,62,64
v_0148_f_0000_rgba.png,10,46,62,64
v_0149_f_0000_rgba.png,10,48,64,64
v_0150_f_0000_rgba.png,7,65,63,65
v_0151_f_0000_rgba.png,8,52,61,62
v_0152_f_0000_rgba.png,9,71,66,62
v_0153_f_0000_rgba.png,8,65,64,66
v_0154_f_0000_rgba.png,13,43,65,62
v_0155_f_0000_rgba.png,8,65,64,65
v_0156_f_0000_rgba.png,7,70,62,66
v_0157_f_0000_rgba.png,12,85,63,61
v_0158_f_0000_rgba.png,11,83,60,63
v_0159_f_0000_rgba.png,9,52,64,64
v_0160_f_0000_rgba.png,9,51,64,64
v_0161_f_0000_rgba.png,8,66,64,65
v_0162_f_0000_rgba.png,9,51,63,65
v_0163_f_0000_rgba.png,11,79,66,61
v_0164_f_0000_rgba.png,12,41,62,63
v_0165_f_0000_rgba.png,8,68,64,62
v_0166_f_0000_rgba.png,9,73,65,64
v_0167_f_0000_rgba.png,9,52,66,63
v_0168_f_0000_rgba.png,10,47,67,64
v_0169_f_0000_rgba.png,7,64,63,65
v_0170_f_0000_rgba.png,8,55,61,65
v_0171_f_0000_rgba.png,7,66,62,63
v_0172_f_0000_rgba.png,8,55,62,64
v_0173_f_0000_rgba.png,8,55,64,61
v_0174_f_0000_rgba.png,8,72,60,65
v_0175_f_0000_rgba.png,9,70,66,60
v_0176_f_0000_rgba.png,9,51,61,65
v_0177_f_0000_rgba.png,7,65,60,63
v_0178_f_0000_rgba.png,7,66,63,61
v_0179_f_0000_rgba.png,8,59,65,65
v_0180_f_0000_rgba.png,14,38,66,64
v_0181_f_0000_rgba.png,7,62,62,64
v_0182_f_0000_rgba.png,13,38,63,63
v_0183_f_0000_rgba.png,8,69,65,63
v_0184_f_0000_rgba.png,7,57,62,65
v_0185_f_0000_rgba.png,10,80,60,65
v_0186_f_0000_rgba.png,8,57,62,62
v_0187_f_0000_rgba.png,8,58,63,62
v_0188_f_0000_rgba.png,11,40,61,62
v_0189_f_0000_rgba.png,8,58,62,61
v_0190_f_0000_rgba.png,8,63,65,64
v_0191_f_0000_rgba.png,14,38,61,64
v_0192_f_0000_rgba.png,8,53,62,62
v_0193_f_0000_rgba.png,8,71,62,63
v_0194_f_0000_rgba.png,7,65,62,64
v_0195_f_0000_rgba.png,8,58,67,63
v_0196_f_0000_rgba.png,8,59,62,66
v_0197_f_0000_rgba.png,9,54,65,61
v_0198_f_0000_rgba.png,8,57,64,64
v_0199_f_0000_rgba.png,12,43,64,62
v_0200_f_0000_rgba.png,13,42,66,66
v_0201_f_0000_rgba.png,12,42,64,65
v_0202_f_0000_rgba.png,11,45,64,65
v_0203_f_0000_rgba.png,14,38,63,63
v_0204_f_0000_rgba.png,7,65,62,64
v_0205_f_0000_rgba.png,9,75,64,65
v_0206_f_0000_rgba.png,9,52,65,63
v_0207_f_0000_rgba.png,11,47,65,65
v_0208_f_0000_rgba.png,10,49,64,64
v_0209_f_0000_rgba.png,7,58,62,62
v_0210_f_0000_rgba.png,10,45,63,62
v_0211_f_0000_rgba.png,8,59,63,64
v_0212_f_0000_rgba.png,15,37,66,65
v_0213_f_0000_rgba.png,7,58,60,65
v_0214_f_0000_rgba.png,10,47,64,63
v_0215_f_0000_rgba.png,12,40,62,64
v_0216_f_0000_rgba.png,7,62,63,63
v_0217_f_0000_rgba.png,10,47,63,62
v_0218_f_0000_rgba.png,9,52,62,63
v_0219_f_0000_rgba.png,7,66,63,62
v_0220_f_0000_rgba.png,9,52,65,63
v_0221_f_0000_rgba.png,9,58,67,63
v_0222_f_0000_rgba.png,8,53,62,64
v_0223_f_0000_rgba.png,7,57,59,63
v_0224_f_0000_rgba.png,19,31,65,61
v_0225_f_0000_rgba.png,8,54,63,63
v_0226_f_0000_rgba.png,13,39,65,64
v_0227_f_0000_rgba.png,17,33,67,63
v_0228_f_0000_rgba.png,13,40,66,64
v_0229_f_0000_rgba.png,9,55,64,65
v_0230_f_0000_rgba.png,12,41,60,62
v_0231_f_0000_rgba.png,14,36,63,62
v_0232_f_0000_rgba.png,10,47,65,63
v_0233_f_0000_rgba.png,8,58,63,64
v_0234_f_0000_rgba.png,10,48,64,63
v_0235_f_0000_rgba.png,9,48,60,64
v_0236_f_0000_rgba.png,15,37,66,61
v_0237_f_0000_rgba.png,8,66,63,65
v_0238_f_0000_rgba.png,18,31,65,65
v_0239_f_0000_rgba.png,11,44,66,63
v_0240_f_0000_rgba.png,7,62,60,64
v_0241_f_0000_rgba.png,8,59,63,63
v_0242_f_0000_rgba.png,8,58,65,64
v_0243_f_0000_rgba.png,18,30,63,66
v_0244_f_0000_rgba.png,16,32,64,65
v_0245_f_0000_rgba.png,17,34,64,65
v_0246_f_0000_rgba.png,11,42,62,61
v_0247_f_0000_rgba.png,16,33,66,62
v_0248_f_0000_rgba.png,9,49,61,66
v_0249_f_0000_rgba.png,8,50,61,62
v_0250_f_0000_rgba.png,17,32,63,62
v_0251_f_0000_rgba.png,20,29,65,64
v_0252_f_0000_rgba.png,15,37,62,64
v_0253_f_0000_rgba.png,11,45,61,62
v_0254_f_0000_rgba.png,8,58,65,64
v_0255_f_0000_rgba.png,20,30,61,64
v_0256_f_0000_rgba.png,11,43,63,61
v_0257_f_0000_rgba.png,12,40,64,62
v_0258_f_0000_rgba.png,19,32,66,60
v_0259_f_0000_rgba.png,13,40,62,64
v_0260_f_0000_rgba.png,19,30,66,61
v_0261_f_0000_rgba.png,10,46,63,63
v_0262_f_0000_rgba.png,12,42,65,65
v_0263_f_0000_rgba.png,9,52,65,64
v_0264_f_0000_rgba.png,10,50,66,66
v_0265_f_0000_rgba.png,10,46,61,65
v_0266_f_0000_rgba.png,9,51,64,65
v_0267_f_0000_rgba.png,25,29,63,65
v_0268_f_0000_rgba.png,13,43,65,64
v_0269_f_0000_rgba.png,13,41,66,63
v_0270_f_0000_rgba.png,21,27,66,64
v_0271_f_0000_rgba.png,23,26,60,64
v_0272_f_0000_rgba.png,22,27,64,61
v_0273_f_0000_rgba.png,20,29,67,65
v_0274_f_0000_rgba.png,9,48,63,66
v_0275_f_0000_rgba.png,18,32,64,65
v_0276_f_0000_rgba.png,16,36,64,64
v_0277_f_0000_rgba.png,15,36,64,62
v_0278_f_0000_rgba.png,20,28,63,65
v_0279_f_0000_rgba.png,23,26,64,64
v_0280_f_0000_rgba.png,10,47,63,62
v_0281_f_0000_rgba.png,14,37,64,64
v_0282_f_0000_rgba.png,12,39,62,64
v_0283_f_0000_rgba.png,19,29,63,64
v_0284_f_0000_rgba.png,11,43,64,63
v_0285_f_0000_rgba.png,23,25,63,63
v_0286_f_0000_rgba.png,15,36,64,63
v_0287_f_0000_rgba.png,24,24,65,64
v_0288_f_0000_rgba.png,10,45,62,66
v_0289_f_0000_rgba.png,22,28,64,66
v_0290_f_0000_rgba.png,19,30,65,63
v_0291_f_0000_rgba.png,12,41,60,66
v_0292_f_0000_rgba.png,13,37,63,61
v_0293_f_0000_rgba.png,15,34,61,64
v_0294_f_0000_rgba.png,24,25,64,63
v_0295_f_0000_rgba.png,14,38,67,65
v_0296_f_0000_rgba.png,22,26,65,65
v_0297_f_0000_rgba.png,28,21,62,64
v_0298_f_0000_rgba.png,13,42,67,63
v_0299_f_0000_rgba.png,18,31,63,65
v_0300_f_0000_rgba.png,14,38,64,64
v_0301_f_0000_rgba.png,13,41,65,65
v_0302_f_0000_rgba.png,24,25,66,64
v_0303_f_0000_rgba.png,27,21,65,64
v_0304_f_0000_rgba.png,18,32,66,64
v_0305_f_0000_rgba.png,22,27,61,65
v_0306_f_0000_rgba.png,13,39,63,62
v_0307_f_0000_rgba.png,27,21,65,61
v_0308_f_0000_rgba.png,12,42,61,67
v_0309_f_0000_rgba.png,21,27,64,62
v_0310_f_0000_rgba.png,17,32,66,64
v_0311_f_0000_rgba.png,24,24,64,66
v_0312_f_0000_rgba.png,27,21,64,64
v_0313_f_0000_rgba.png,26,22,65,61
v_0314_f_0000_rgba.png,25,22,64,62
v_0315_f_0000_rgba.png,19,29,62,61
v_0316_f_0000_rgba.png,13,38,61,65
v_0317_f_0000_rgba.png,16,34,64,63
v_0318_f_0000_rgba.png,21,28,62,65
v_0319_f_0000_rgba.png,13,39,64,63
v_0320_f_0000_rgba.png,19,30,62,65
v_0321_f_0000_rgba.png,23,25,63,63
v_0322_f_0000_rgba.png,26,21,66,64
v_0323_f_0000_rgba.png,26,22,62,64
v_0324_f_0000_rgba.png,25,22,63,62
v_0325_f_0000_rgba.png,17,32,63,61
v_0326_f_0000_rgba.png,31,18,65,63
v_0327_f_0000_rgba.png,22,25,66,62
v_0328_f_0000_rgba.png,15,35,61,65
v_0329_f_0000_rgba.png,26,22,62,63
v_0330_f_0000_rgba.png,30,20,65,62
v_0331_f_0000_rgba.png,24,24,61,64
v_0332_f_0000_rgba.png,34,16,66,62
v_0333_f_0000_rgba.png,19,30,65,64
v_0334_f_0000_rgba.png,20,29,66,64
v_0335_f_0000_rgba.png,19,31,64,65
v_0336_f_0000_rgba.png,17,32,63,63
v_0337_f_0000_rgba.png,33,17,66,66
v_0338_f_0000_rgba.png,19,30,63,63
v_0339_f_0000_rgba.png,32,19,60,65
v_0340_f_0000_rgba.png,32,18,64,62
v_0341_f_0000_rgba.png,21,27,62,63
v_0342_f_0000_rgba.png,37,15,62,60
v_0343_f_0000_rgba.png,18,32,66,65
v_0344_f_0000_rgba.png,30,18,66,64
v_0345_f_0000_rgba.png,23,26,62,66
v_0346_f_0000_rgba.png,27,20,64,62
v_0347_f_0000_rgba.png,32,17,62,63
v_0348_f_0000_rgba.png,24,24,65,64
v_0349_f_0000_rgba.png,21,29,66,65
v_0350_f_0000_rgba.png,23,25,63,64
v_0351_f_0000_rgba.png,25,23,67,64
v_0352_f_0000_rgba.png,22,26,65,63
v_0353_f_0000_rgba.png,22,25,65,61
v_0354_f_0000_rgba.png,31,18,62,65
v_0355_f_0000_rgba.png,28,21,63,64
v_0356_f_0000_rgba.png,22,25,65,61
v_0357_f_0000_rgba.png,20,28,61,64
v_0358_f_0000_rgba.png,26,22,64,62
v_0359_f_0000_rgba.png,29,21,63,65
v_0360_f_0000_rgba.png,28,19,61,61
v_0361_f_0000_rgba.png,32,18,68,62
v_0362_f_0000_rgba.png,31,16,67,64
v_0363_f_0000_rgba.png,26,23,61,66
v_0364_f_0000_rgba.png,37,14,66,62
v_0365_f_0000_rgba.png,36,15,62,64
v_0366_f_0000_rgba.png,37,13,62,61
v_0367_f_0000_rgba.png,37,16,66,64
v_0368_f_0000_rgba.png,36,16,62,64
v_0369_f_0000_rgba.png,37,13,61,61
v_0370_f_0000_rgba.png,40,12,65,61
v_0371_f_0000_rgba.png,28,20,65,63
v_0372_f_0000_rgba.png,32,17,61,61
v_0373_f_0000_rgba.png,27,20,59,62
v_0374_f_0000_rgba.png,40,13,67,60
v_0375_f_0000_rgba.png,32,18,64,64
v_0376_f_0000_rgba.png,43,12,65,62
v_0377_f_0000_rgba.png,29,21,64,66
v_0378_f_0000_rgba.png,25,23,64,61
v_0379_f_0000_rgba.png,36,15,63,65
v_0380_f_0000_rgba.png,35,14,61,62
v_0381_f_0000_rgba.png,31,18,63,64
v_0382_f_0000_rgba.png,37,15,60,65
v_0383_f_0000_rgba.png,37,14,62,62
v_0384_f_0000_rgba.png,34,16,64,63
v_0385_f_0000_rgba.png,27,20,61,62
v_0386_f_0000_rgba.png,28,20,64,64
v_0387_f_0000_rgba.png,28,20,62,64
v_0388_f_0000_rgba.png,32,19,68,65
v_0389_f_0000_rgba.png,28,21,65,64
v_0390_f_0000_rgba.png,38,14,64,65
v_0391_f_0000_rgba.png,31,17,60,64
v_0392_f_0000_rgba.png,43,12,66,62
v_0393_f_0000_rgba.png,36,15,65,65
v_0394_f_0000_rgba.png,39,13,64,64
v_0395_f_0000_rgba.png,42,12,61,63
v_0396_f_0000_rgba.png,33,15,61,62
v_0397_f_0000_rgba.png,28,19,59,64
v_0398_f_0000_rgba.png,33,15,60,63
v_0399_f_0000_rgba.png,40,12,63,62
v_0400_f_0000_rgba.png,34,16,64,64
v_0401_f_0000_rgba.png,38,15,67,66
v_0402_f_0000_rgba.png,42,13,64,65
v_0403_f_0000_rgba.png,40,13,61,62
v_0404_f_0000_rgba.png,45,11,64,62
v_0405_f_0000_rgba.png,38,14,62,63
v_0406_f_0000_rgba.png,43,12,62,62
v_0407_f_0000_rgba.png,34,17,64,65
v_0408_f_0000_rgba.png,39,13,61,62
v_0409_f_0000_rgba.png,39,12,62,61
v_0410_f_0000_rgba.png,49,10,65,63
v_0411_f_0000_rgba.png,40,13,67,65
v_0412_f_0000_rgba.png,39,14,66,67
v_0413_f_0000_rgba.png,43,11,67,64
v_0414_f_0000_rgba.png,38,13,64,67
v_0415_f_0000_rgba.png,42,13,65,66
v_0416_f_0000_rgba.png,41,11,65,62
v_0417_f_0000_rgba.png,41,13,65,64
v_0418_f_0000_rgba.png,36,15,64,64
v_0419_f_0000_rgba.png,44,11,63,63
v_0420_f_0000_rgba.png,41,13,64,64
v_0421_f_0000_rgba.png,41,12,63,65
v_0422_f_0000_rgba.png,43,12,65,65
v_0423_f_0000_rgba.png,35,15,60,64
v_0424_f_0000_rgba.png,41,11,61,63
v_0425_f_0000_rgba.png,43,11,65,60
v_0426_f_0000_rgba.png,45,11,62,63
v_0427_f_0000_rgba.png,47,10,63,62
v_0428_f_0000_rgba.png,36,14,61,62
v_0429_f_0000_rgba.png,42,11,65,61
v_0430_f_0000_rgba.png,47,10,64,64
v_0431_f_0000_rgba.png,48,10,65,65
v_0432_f_0000_rgba.png,50,10,65,65
v_0433_f_0000_rgba.png,49,9,63,64
v_0434_f_0000_rgba.png,47,11,63,64
v_0435_f_0000_rgba.png,41,12,60,63
v_0436_f_0000_rgba.png,53,9,64,63
v_0437_f_0000_rgba.png,38,13,60,65
v_0438_f_0000_rgba.png,41,12,62,64
v_0439_f_0000_rgba.png,46,10,63,63
v_0440_f_0000_rgba.png,48,10,62,64
v_0441_f_0000_rgba.png,49,10,60,63
v_0442_f_0000_rgba.png,50,9,67,63
v_0443_f_0000_rgba.png,54,9,62,65
v_0444_f_0000_rgba.png,55,9,66,63
v_0445_f_0000_rgba.png,50,9,66,64
v_0446_f_0000_rgba.png,49,9,62,64
v_0447_f_0000_rgba.png,51,8,65,62
v_0448_f_0000_rgba.png,42,12,62,66
v_0449_f_0000_rgba.png,51,8,64,62
v_0450_f_0000_rgba.png,44,10,59,64
v_0451_f_0000_rgba.png,50,9,61,61
v_0452_f_0000_rgba.png,54,8,65,63
v_0453_f_0000_rgba.png,51,9,62,64
v_0454_f_0000_rgba.png,54,9,65,63
v_0455_f_0000_rgba.png,52,9,66,64
v_0456_f_0000_rgba.png,53,9,63,65
v_0457_f_0000_rgba.png,53,9,62,64
v_0458_f_0000_rgba.png,51,9,64,63
v_0459_f_0000_rgba.png,46,10,62,62
v_0460_f_0000_rgba.png,56,8,65,62
v_0461_f_0000_rgba.png,51,9,61,66
v_0462_f_0000_rgba.png,52,8,62,62
v_0463_f_0000_rgba.png,51,8,60,61
v_0464_f_0000_rgba.png,53,8,64,62
v_0465_f_0000_rgba.png,48,9,61,63
v_0466_f_0000_rgba.png,52,8,61,62
v_0467_f_0000_rgba.png,53,9,63,64
v_0468_f_0000_rgba.png,56,8,63,61
v_0469_f_0000_rgba.png,50,9,62,65
v_0470_f_0000_rgba.png,59,7,65,62
v_0471_f_0000_rgba.png,59,8,64,63
v_0472_f_0000_rgba.png,58,8,63,64
v_0473_f_0000_rgba.png,56,7,66,61
v_0474_f_0000_rgba.png,54,9,63,63
v_0475_f_0000_rgba.png,54,8,62,62
v_0476_f_0000_rgba.png,54,9,65,64
v_0477_f_0000_rgba.png,56,8,63,63
v_0478_f_0000_rgba.png,57,8,62,63
v_0479_f_0000_rgba.png,49,9,61,66
v_0480_f_0000_rgba.png,58,8,64,64
v_0481_f_0000_rgba.png,61,8,66,63
v_0482_f_0000_rgba.png,57,8,63,62
v_0483_f_0000_rgba.png,59,8,66,63
v_0484_f_0000_rgba.png,57,8,63,65
v_0485_f_0000_rgba.png,61,7,64,62
v_0486_f_0000_rgba.png,59,8,61,64
v_0487_f_0000_rgba.png,57,7,62,60
v_0488_f_0000_rgba.png,62,8,66,64
v_0489_f_0000_rgba.png,57,8,66,66
v_0490_f_0000_rgba.png,63,8,64,64
v_0491_f_0000_rgba.png,56,8,61,64
v_0492_f_0000_rgba.png,61,8,62,64
v_0493_f_0000_rgba.png,61,8,65,65
v_0494_f_0000_rgba.png,58,7,61,61
v_0495_f_0000_rgba.png,61,7,64,61
v_0496_f_0000_rgba.png,62,7,65,63
v_0497_f_0000_rgba.png,62,7,64,62
v_0498_f_0000_rgba.png,61,8,63,63
v_0499_f_0000_rgba.png,55,7,61,62
v_0500_f_0000_rgba.png,64,7,62,61
v_0501_f_0000_rgba.png,67,8,64,65
v_0502_f_0000_rgba.png,65,7,65,64
v_0503_f_0000_rgba.png,62,8,64,64
v_0504_f_0000_rgba.png,60,8,62,64
v_0505_f_0000_rgba.png,65,8,63,63
v_0506_f_0000_rgba.png,63,7,61,64
v_0507_f_0000_rgba.png,64,7,62,64
v_0508_f_0000_rgba.png,61,8,62,63
v_0509_f_0000_rgba.png,64,8,66,63
v_0510_f_0000_rgba.png,62,8,62,63
v_0511_f_0000_rgba.png,70,8,67,64
v_0512_f_0000_rgba.png,67,8,62,63
v_0513_f_0000_rgba.png,63,7,62,62
v_0514_f_0000_rgba.png,67,7,65,61
v_0515_f_0000_rgba.png,63,8,65,66
v_0516_f_0000_rgba.png,67,9,63,67
v_0517_f_0000_rgba.png,64,8,62,65
v_0518_f_0000_rgba.png,64,7,64,63
v_0519_f_0000_rgba.png,67,8,63,65
v_0520_f_0000_rgba.png,68,8,64,64
v_0521_f_0000_rgba.png,68,8,62,65
v_0522_f_0000_rgba.png,65,7,62,63
v_0523_f_0000_rgba.png,64,8,62,63
v_0524_f_0000_rgba.png,67,7,61,62
v_0525_f_0000_rgba.png,72,8,66,62
v_0526_f_0000_rgba.png,68,8,64,65
v_0527_f_0000_rgba.png,68,8,64,63
v_0528_f_0000_rgba.png,69,8,63,64
v_0529_f_0000_rgba.png,65,7,62,63
v_0530_f_0000_rgba.png,70,8,62,64
v_0531_f_0000_rgba.png,64,8,60,62
v_0532_f_0000_rgba.png,69,8,63,63
v_0533_f_0000_rgba.png,72,8,61,63
v_0534_f_0000_rgba.png,68,7,63,62
v_0535_f_0000_rgba.png,72,9,62,65
v_0536_f_0000_rgba.png,70,8,62,64
v_0537_f_0000_rgba.png,77,9,67,62
v_0538_f_0000_rgba.png,72,8,61,65
v_0539_f_0000_rgba.png,71,7,61,60
v_0540_f_0000_rgba.png,69,7,63,62
v_0541_f_0000_rgba.png,76,9,64,63
v_0542_f_0000_rgba.png,75,9,65,65
v_0543_f_0000_rgba.png,75,9,61,63
v_0544_f_0000_rgba.png,76,10,64,66
v_0545_f_0000_rgba.png,74,8,63,63
v_0546_f_0000_rgba.png,71,8,61,65
v_0547_f_0000_rgba.png,69,8,62,63
v_0548_f_0000_rgba.png,74,9,62,63
v_0549_f_0000_rgba.png,76,9,65,63
v_0550_f_0000_rgba.png,71,8,60,64
v_0551_f_0000_rgba.png,83,11,65,65
v_0552_f_0000_rgba.png,77,9,62,64
v_0553_f_0000_rgba.png,75,8,63,61
v_0554_f_0000_rgba.png,77,9,60,62
v_0555_f_0000_rgba.png,78,9,63,61
v_0556_f_0000_rgba.png,77,9,61,63
v_0557_f_0000_rgba.png,75,9,62,62
v_0558_f_0000_rgba.png,77,9,65,62
v_0559_f_0000_rgba.png,76,9,62,63
v_0560_f_0000_rgba.png,79,9,62,62
v_0561_f_0000_rgba.png,79,10,65,64
v_0562_f_0000_rgba.png,79,10,62,63
v_0563_f_0000_rgba.png,83,11,67,62
v_0564_f_0000_rgba.png,76,8,61,62
v_0565_f_0000_rgba.png,78,9,64,63
v_0566_f_0000_rgba.png,81,11,63,65
v_0567_f_0000_rgba.png,78,10,62,63
v_0568_f_0000_rgba.png,78,9,63,63
v_0569_f_0000_rgba.png,76,9,62,63
v_0570_f_0000_rgba.png,81,11,64,65
v_0571_f_0000_rgba.png,91,14,68,65
v_0572_f_0000_rgba.png,83,11,61,63
v_0573_f_0000_rgba.png,75,9,60,62
v_0574_f_0000_rgba.png,79,9,64,62
v_0575_f_0000_rgba.png,80,10,64,63
v_0576_f_0000_rgba.png,81,10,66,64
v_0577_f_0000_rgba.png,83,11,62,62
v_0578_f_0000_rgba.png,86,12,65,64
v_0579_f_0000_rgba.png,73,9,62,63
v_0580_f_0000_rgba.png,82,11,65,64
v_0581_f_0000_rgba.png,88,14,67,67
v_0582_f_0000_rgba.png,85,14,63,67
v_0583_f_0000_rgba.png,80,11,62,64
v_0584_f_0000_rgba.png,83,11,63,65
v_0585_f_0000_rgba.png,86,12,65,62
v_0586_f_0000_rgba.png,90,14,66,65
v_0587_f_0000_rgba.png,88,13,64,64
v_0588_f_0000_rgba.png,89,13,67,62
v_0589_f_0000_rgba.png,77,10,66,64
v_0590_f_0000_rgba.png,94,16,66,66
v_0591_f_0000_rgba.png,83,11,64,64
v_0592_f_0000_rgba.png,92,14,67,64
v_0593_f_0000_rgba.png,87,13,63,63
v_0596_f_0000_rgba.png,82,11,60,63
v_0599_f_0000_rgba.png,80,10,63,64
v_0603_f_0000_rgba.png,87,13,64,64
v_0604_f_0000_rgba.png,80,11,63,65
v_0609_f_0000_rgba.png,81,10,62,62
v_0610_f_0000_rgba.png,83,12,61,64
v_0611_f_0000_rgba.png,90,14,62,62
v_0612_f_0000_rgba.png,97,19,65,64
v_0614_f_0000_rgba.png,85,12,63,64
v_0615_f_0000_rgba.png,83,11,61,63
v_0616_f_0000_rgba.png,92,15,62,61
v_0617_f_0000_rgba.png,89,14,61,63
v_0619_f_0000_rgba.png,93,16,61,62
v_0620_f_0000_rgba.png,92,16,62,64
v_0621_f_0000_rgba.png,91,15,61,64
v_0624_f_0000_rgba.png,94,16,64,61
v_0625_f_0000_rgba.png,97,18,64,62
v_0626_f_0000_rgba.png,89,14,65,64
v_0627_f_0000_rgba.png,89,15,64,65
v_0631_f_0000_rgba.png,98,20,64,61
v_0633_f_0000_rgba.png,99,21,64,64
v_0634_f_0000_rgba.png,92,14,65,61
v_0635_f_0000_rgba.png,97,19,61,64
v_0640_f_0000_rgba.png,92,13,63,60
v_0642_f_0000_rgba.png,90,13,64,62
v_0643_f_0000_rgba.png,102,23,63,64
v_0648_f_0000_rgba.png,104,25,66,66
v_0649_f_0000_rgba.png,93,17,60,66
v_0650_f_0000_rgba.png,92,16,62,60
v_0655_f_0000_rgba.png,104,24,60,62
v_0656_f_0000_rgba.png,107,26,68,64
v_0657_f_0000_rgba.png,96,19,66,65
v_0658_f_0000_rgba.png,107,29,65,65
v_0661_f_0000_rgba.png,102,22,66,62
v_0662_f_0000_rgba.png,95,18,62,64
v_0664_f_0000_rgba.png,103,25,61,66
v_0665_f_0000_rgba.png,99,20,65,63
v_0668_f_0000_rgba.png,99,20,65,66
v_0669_f_0000_rgba.png,95,19,62,65
v_0670_f_0000_rgba.png,93,16,63,64
v_0672_f_0000_rgba.png,103,24,63,61
v_0680_f_0000_rgba.png,98,19,61,61
v_0681_f_0000_rgba.png,102,22,63,63
v_0683_f_0000_rgba.png,101,21,65,62
v_0687_f_0000_rgba.png,111,34,63,65
v_0689_f_0000_rgba.png,99,20,64,62
v_0691_f_0000_rgba.png,112,35,63,63
v_0693_f_0000_rgba.png,109,32,60,65
v_0694_f_0000_rgba.png,104,25,62,61
v_0696_f_0000_rgba.png,105,27,62,61
v_0697_f_0000_rgba.png,112,35,64,62
v_0699_f_0000_rgba.png,108,31,66,67
v_0700_f_0000_rgba.png,102,24,64,64
v_0701_f_0000_rgba.png,110,30,67,64
v_0706_f_0000_rgba.png,98,19,61,62
v_0707_f_0000_rgba.png,113,36,67,62
v_0708_f_0000_rgba.png,100,21,62,65
v_0709_f_0000_rgba.png,107,26,66,63
v_0710_f_0000_rgba.png,110,33,60,65
v_0711_f_0000_rgba.png,108,30,64,63
v_0712_f_0000_rgba.png,108,29,64,62
v_0713_f_0000_rgba.png,106,28,64,63
v_0714_f_0000_rgba.png,112,35,65,64
v_0715_f_0000_rgba.png,101,22,64,62
v_0717_f_0000_rgba.png,114,40,64,65
v_0718_f_0000_rgba.png,107,27,66,64
v_0719_f_0000_rgba.png,103,25,64,63
v_0720_f_0000_rgba.png,112,35,66,62
v_0723_f_0000_rgba.png,115,40,65,64
v_0726_f_0000_rgba.png,111,35,62,64
v_0730_f_0000_rgba.png,106,27,66,64
v_0731_f_0000_rgba.png,118,51,62,64
v_0732_f_0000_rgba.png,112,36,63,62
v_0733_f_0000_rgba.png,116,44,66,64
v_0736_f_0000_rgba.png,107,26,64,60
v_0737_f_0000_rgba.png,112,36,65,65
v_0740_f_0000_rgba.png,111,34,63,62
v_0744_f_0000_rgba.png,108,32,61,64
v_0748_f_0000_rgba.png,108,31,61,60
v_0750_f_0000_rgba.png,119,55,66,65
v_0753_f_0000_rgba.png,114,41,61,64
v_0754_f_0000_rgba.png,113,39,62,63
v_0756_f_0000_rgba.png,108,30,64,63
v_0758_f_0000_rgba.png,119,57,65,64
v_0759_f_0000_rgba.png,109,33,61,64
v_0760_f_0000_rgba.png,117,50,61,64
v_0763_f_0000_rgba.png,112,36,63,61
v_0764_f_0000_rgba.png,119,56,63,63
v_0766_f_0000_rgba.png,118,52,66,63
v_0769_f_0000_rgba.png,114,42,60,62
v_0771_f_0000_rgba.png,111,33,64,64
v_0773_f_0000_rgba.png,114,40,66,64
v_0774_f_0000_rgba.png,115,43,66,65
v_0775_f_0000_rgba.png,108,30,62,64
v_0777_f_0000_rgba.png,116,44,64,63
v_0779_f_0000_rgba.png,119,63,60,65
v_0780_f_0000_rgba.png,115,41,65,63
v_0783_f_0000_rgba.png,117,49,63,60
v_0785_f_0000_rgba.png,119,56,65,64
v_0786_f_0000_rgba.png,116,42,65,66
v_0787_f_0000_rgba.png,111,35,63,63
v_0788_f_0000_rgba.png,116,45,63,62
v_0789_f_0000_rgba.png,119,62,63,64
v_0790_f_0000_rgba.png,119,52,65,61
v_0791_f_0000_rgba.png,118,52,65,64
v_0794_f_0000_rgba.png,119,60,62,64
v_0796_f_0000_rgba.png,116,45,63,63
v_0798_f_0000_rgba.png,116,45,62,61
v_0801_f_0000_rgba.png,116,47,62,64
v_0803_f_0000_rgba.png,120,63,65,64
v_0806_f_0000_rgba.png,118,47,67,64
v_0808_f_0000_rgba.png,116,45,64,62
v_0809_f_0000_rgba.png,116,45,66,63
v_0810_f_0000_rgba.png,113,37,65,65
v_0811_f_0000_rgba.png,114,38,66,62
v_0812_f_0000_rgba.png,119,63,63,65
v_0815_f_0000_rgba.png,116,43,65,61
v_0816_f_0000_rgba.png,119,67,63,65
v_0817_f_0000_rgba.png,115,43,62,63
v_0819_f_0000_rgba.png,118,53,63,64
v_0821_f_0000_rgba.png,119,64,63,63
v_0822_f_0000_rgba.png,118,65,60,63
v_0823_f_0000_rgba.png,119,71,66,63
v_0825_f_0000_rgba.png,113,38,64,64
v_0827_f_0000_rgba.png,119,54,64,63
v_0828_f_0000_rgba.png,119,57,66,63
v_0830_f_0000_rgba.png,119,54,65,61
v_0831_f_0000_rgba.png,118,72,62,64
v_0832_f_0000_rgba.png,116,47,66,63
v_0837_f_0000_rgba.png,115,84,62,66
v_0838_f_0000_rgba.png,114,39,64,63
v_0839_f_0000_rgba.png,120,69,67,66
v_0840_f_0000_rgba.png,118,72,60,64
v_0842_f_0000_rgba.png,119,71,66,66
v_0844_f_0000_rgba.png,115,45,62,63
v_0847_f_0000_rgba.png,115,42,64,63
v_0850_f_0000_rgba.png,113,89,63,64
v_0853_f_0000_rgba.png,119,67,63,63
v_0856_f_0000_rgba.png,118,53,63,66
v_0857_f_0000_rgba.png,119,56,66,63
v_0859_f_0000_rgba.png,114,41,61,61
v_0862_f_0000_rgba.png,112,90,61,66
v_0864_f_0000_rgba.png,118,76,65,64
v_0865_f_0000_rgba.png,118,76,65,63
v_0873_f_0000_rgba.png,118,69,62,63
v_0874_f_0000_rgba.png,120,62,66,62
v_0875_f_0000_rgba.png,118,76,65,65
v_0877_f_0000_rgba.png,111,93,65,64
v_0878_f_0000_rgba.png,119,75,65,64
v_0879_f_0000_rgba.png,118,51,63,65
v_0880_f_0000_rgba.png,117,46,63,62
v_0882_f_0000_rgba.png,118,73,63,66
v_0887_f_0000_rgba.png,116,50,60,62
v_0888_f_0000_rgba.png,119,68,64,63
v_0891_f_0000_rgba.png,111,95,66,61
v_0892_f_0000_rgba.png,108,98,63,66
v_0893_f_0000_rgba.png,114,86,63,62
v_0894_f_0000_rgba.png,119,69,61,62
v_0900_f_0000_rgba.png,119,59,62,65
v_0901_f_0000_rgba.png,119,66,63,64
v_0902_f_0000_rgba.png,118,55,62,63
v_0904_f_0000_rgba.png,119,72,66,64
v_0905_f_0000_rgba.png,111,92,60,65
v_0906_f_0000_rgba.png,117,78,62,64
v_0907_f_0000_rgba.png,116,79,63,62
v_0908_f_0000_rgba.png,119,66,63,66
v_0909_f_0000_rgba.png,118,76,65,64
v_0914_f_0000_rgba.png,116,85,67,63
v_0916_f_0000_rgba.png,117,79,65,66
v_0919_f_0000_rgba.png,116,79,62,64
v_0920_f_0000_rgba.png,111,94,64,65
v_0922_f_0000_rgba.png,119,55,65,62
v_0925_f_0000_rgba.png,117,80,65,63
v_0926_f_0000_rgba.png,107,99,64,63
v_0929_f_0000_rgba.png,102,104,66,65
v_0930_f_0000_rgba.png,104,104,63,66
v_0933_f_0000_rgba.png,119,66,64,63
v_0934_f_0000_rgba.png,115,83,61,64
v_0935_f_0000_rgba.png,102,104,64,61
v_0939_f_0000_rgba.png,117,79,63,64
v_0941_f_0000_rgba.png,111,93,62,65
v_0945_f_0000_rgba.png,115,86,65,64
v_0946_f_0000_rgba.png,112,88,59,64
v_0954_f_0000_rgba.png,114,85,61,65
v_0955_f_0000_rgba.png,105,100,62,64
v_0956_f_0000_rgba.png,110,93,63,62
v_0957_f_0000_rgba.png,116,86,66,66
v_0959_f_0000_rgba.png,114,84,62,62
v_0960_f_0000_rgba.png,103,103,62,64
v_0961_f_0000_rgba.png,112,92,63,61
v_0962_f_0000_rgba.png,119,66,64,62
v_0965_f_0000_rgba.png,114,87,62,61
v_0966_f_0000_rgba.png,91,112,63,63
v_0968_f_0000_rgba.png,92,112,60,67
v_0969_f_0000_rgba.png,114,87,64,62
v_0970_f_0000_rgba.png,84,115,63,63
v_0971_f_0000_rgba.png,93,111,67,64
v_0978_f_0000_rgba.png,88,113,62,62
v_0981_f_0000_rgba.png,108,98,61,63
v_0982_f_0000_rgba.png,92,111,65,63
v_0984_f_0000_rgba.png,112,91,63,66
v_0986_f_0000_rgba.png,112,90,63,63
v_0990_f_0000_rgba.png,109,96,63,65
v_0992_f_0000_rgba.png,118,75,65,63
v_0994_f_0000_rgba.png,109,96,64,64
v_0996_f_0000_rgba.png,116,86,67,64
v_0998_f_0000_rgba.png,103,102,63,67
